{
    "sound_enabled": true,
    "music_enabled": true,
    "sound_volume": 0.30000000000000016,
    "music_volume": 0.10000000000000003
}